"runCount","noiseLevel","distinctRunNo","decision","maximumSM","midpoint","slopeParam","maximumDSM","midPoint1Param","slope1Param","slope2Param","midPointDistanceParam","finalAsymptoteIntensityRatio","mAError","timeChoice","noiseType","maximumSMValue","slopeParamValue","midpointValue","realInput"
NA,0,1,"sigmoidal",6.08768532766286,13.2960577293206,6,NA,NA,NA,NA,NA,NA,0.00613427218001271,"equidistant","additive",6.07433268644381,28.2495301050695,13.4307716768235,"sigmoidal"
NA,0,2,"sigmoidal",6.08768642248869,13.2960637032246,6,NA,NA,NA,NA,NA,NA,0.00613440872933293,"equidistant","additive",6.07433268644381,28.2495301050695,13.4307716768235,"sigmoidal"
NA,0,3,"sigmoidal",6.08768646606448,13.2960639413568,6,NA,NA,NA,NA,NA,NA,0.00613441416654551,"equidistant","additive",6.07433268644381,28.2495301050695,13.4307716768235,"sigmoidal"
NA,0.2,1,"sigmoidal",6.11767864661031,13.2688510896529,6,NA,NA,NA,NA,NA,NA,0.00874445036824568,"equidistant","additive",6.07433268644381,28.2495301050695,13.4307716768235,"sigmoidal"
NA,0.2,2,"sigmoidal",5.96247623907259,13.2700341806182,6,NA,NA,NA,NA,NA,NA,0.0160818161004007,"equidistant","additive",6.07433268644381,28.2495301050695,13.4307716768235,"sigmoidal"
NA,0.2,3,"sigmoidal",6.06861697165938,13.3085946737568,6,NA,NA,NA,NA,NA,NA,0.00561223963126478,"equidistant","additive",6.07433268644381,28.2495301050695,13.4307716768235,"sigmoidal"
NA,0.4,1,"sigmoidal",6.11205046564087,13.3474965843561,6,NA,NA,NA,NA,NA,NA,0.00884503756446483,"equidistant","additive",6.07433268644381,28.2495301050695,13.4307716768235,"sigmoidal"
NA,0.4,2,"sigmoidal",6.10361705689749,13.1093977551789,6,NA,NA,NA,NA,NA,NA,0.0102667583309472,"equidistant","additive",6.07433268644381,28.2495301050695,13.4307716768235,"sigmoidal"
NA,0.4,3,"sigmoidal",6.06825234124415,13.3152476083506,6,NA,NA,NA,NA,NA,NA,0.00570517780865063,"equidistant","additive",6.07433268644381,28.2495301050695,13.4307716768235,"sigmoidal"
NA,0,1,"sigmoidal",3.78866494467385,6.30551486144608,6.34862213406211,NA,NA,NA,NA,NA,NA,0.00331926184130872,"uniform","additive",3.7837322645355,34.1437101713505,6.51431444473565,"sigmoidal"
NA,0,2,"sigmoidal",3.78866496498836,6.30551548606234,6.34862213406211,NA,NA,NA,NA,NA,NA,0.00331926563602121,"uniform","additive",3.7837322645355,34.1437101713505,6.51431444473565,"sigmoidal"
NA,0,3,"sigmoidal",3.78866489953385,6.30551552502348,6.34862213406211,NA,NA,NA,NA,NA,NA,0.00331925300633513,"uniform","additive",3.7837322645355,34.1437101713505,6.51431444473565,"sigmoidal"
NA,0.2,1,"sigmoidal",3.7943605048992,6.09723105462587,6.34862213406211,NA,NA,NA,NA,NA,NA,0.00654042698875948,"uniform","additive",3.7837322645355,34.1437101713505,6.51431444473565,"sigmoidal"
NA,0.2,2,"sigmoidal",3.81413169866933,6.23417141834055,6.34862213406211,NA,NA,NA,NA,NA,NA,0.00861901048792623,"uniform","additive",3.7837322645355,34.1437101713505,6.51431444473565,"sigmoidal"
NA,0.2,3,"sigmoidal",3.81365589377301,6.20986715541533,6.34862213406211,NA,NA,NA,NA,NA,NA,0.0087661167540311,"uniform","additive",3.7837322645355,34.1437101713505,6.51431444473565,"sigmoidal"
NA,0.4,1,"sigmoidal",3.80766209828836,6.38209233059027,5.83674491157231,NA,NA,NA,NA,NA,NA,0.0079794804033075,"uniform","additive",3.7837322645355,34.1437101713505,6.51431444473565,"sigmoidal"
NA,0.4,2,"sigmoidal",3.72686716304282,6.05813517858542,6.34862213406211,NA,NA,NA,NA,NA,NA,0.017860324557492,"uniform","additive",3.7837322645355,34.1437101713505,6.51431444473565,"sigmoidal"
NA,0.4,3,"sigmoidal",3.83486914902623,6.06611734327846,6.34862213406211,NA,NA,NA,NA,NA,NA,0.0160084273249328,"uniform","additive",3.7837322645355,34.1437101713505,6.51431444473565,"sigmoidal"
NA,0,1,"sigmoidal",3.60360712685641,25.1786648351213,6.31195022308309,NA,NA,NA,NA,NA,NA,3.82453346827945e-07,"beta_0.5_1.5","additive",3.60359555147588,18.6289092341361,24.2089496254921,"sigmoidal"
NA,0,2,"sigmoidal",3.60360712687412,25.1786650766381,6.31195022308309,NA,NA,NA,NA,NA,NA,3.82453465653485e-07,"beta_0.5_1.5","additive",3.60359555147588,18.6289092341361,24.2089496254921,"sigmoidal"
NA,0,3,"sigmoidal",3.60360712695411,25.1786661704272,6.31195022308309,NA,NA,NA,NA,NA,NA,3.82454002816418e-07,"beta_0.5_1.5","additive",3.60359555147588,18.6289092341361,24.2089496254921,"sigmoidal"
NA,0.2,1,"sigmoidal",3.35857654055288,24.8808067677159,2.08729296820381,NA,NA,NA,NA,NA,NA,0.00495581317165315,"beta_0.5_1.5","additive",3.60359555147588,18.6289092341361,24.2089496254921,"sigmoidal"
NA,0.2,2,"sigmoidal",3.84327267054432,25.1238547400512,0.939327226752493,NA,NA,NA,NA,NA,NA,0.00987237668477684,"beta_0.5_1.5","additive",3.60359555147588,18.6289092341361,24.2089496254921,"sigmoidal"
NA,0.2,3,"sigmoidal",3.70328370493482,23.6706306929251,6.31195022308309,NA,NA,NA,NA,NA,NA,0.00345697091616414,"beta_0.5_1.5","additive",3.60359555147588,18.6289092341361,24.2089496254921,"sigmoidal"
NA,0.4,1,"ambiguous",NA,NA,NA,NA,NA,NA,NA,NA,NA,NA,"beta_0.5_1.5","additive",3.60359555147588,18.6289092341361,24.2089496254921,"sigmoidal"
NA,0.4,2,"ambiguous",NA,NA,NA,NA,NA,NA,NA,NA,NA,NA,"beta_0.5_1.5","additive",3.60359555147588,18.6289092341361,24.2089496254921,"sigmoidal"
NA,0.4,3,"ambiguous",NA,NA,NA,NA,NA,NA,NA,NA,NA,NA,"beta_0.5_1.5","additive",3.60359555147588,18.6289092341361,24.2089496254921,"sigmoidal"
NA,0,1,"sigmoidal",17.8654449247107,13.9482371768107,6.61185950336599,NA,NA,NA,NA,NA,NA,0.0104591259704071,"beta_2_2","additive",17.797546713613,37.6956367016097,14.0683073680848,"sigmoidal"
NA,0,2,"sigmoidal",17.8654450237271,13.9482373445796,6.61185950336599,NA,NA,NA,NA,NA,NA,0.0104591272258086,"beta_2_2","additive",17.797546713613,37.6956367016097,14.0683073680848,"sigmoidal"
NA,0,3,"sigmoidal",17.8654458948039,13.948234532449,6.61185950336599,NA,NA,NA,NA,NA,NA,0.010459177258641,"beta_2_2","additive",17.797546713613,37.6956367016097,14.0683073680848,"sigmoidal"
NA,0.2,1,"sigmoidal",17.7516087215112,13.9452192749104,6.61185950336599,NA,NA,NA,NA,NA,NA,0.0102008123636923,"beta_2_2","additive",17.797546713613,37.6956367016097,14.0683073680848,"sigmoidal"
NA,0.2,2,"sigmoidal",17.6065149414881,13.9268345648972,6.61185950336599,NA,NA,NA,NA,NA,NA,0.0155378970881825,"beta_2_2","additive",17.797546713613,37.6956367016097,14.0683073680848,"sigmoidal"
NA,0.2,3,"sigmoidal",17.8285483049584,13.9105102476064,6.61185950336599,NA,NA,NA,NA,NA,NA,0.00995113526897675,"beta_2_2","additive",17.797546713613,37.6956367016097,14.0683073680848,"sigmoidal"
NA,0.4,1,"sigmoidal",17.8721742438054,13.8264911788767,6.61185950336599,NA,NA,NA,NA,NA,NA,0.0138478132083372,"beta_2_2","additive",17.797546713613,37.6956367016097,14.0683073680848,"sigmoidal"
NA,0.4,2,"sigmoidal",18.1184681005943,13.8739801675909,5.53332745928947,NA,NA,NA,NA,NA,NA,0.023068256933037,"beta_2_2","additive",17.797546713613,37.6956367016097,14.0683073680848,"sigmoidal"
NA,0.4,3,"sigmoidal",17.7640733363464,13.8261348042822,6.61185950336599,NA,NA,NA,NA,NA,NA,0.0128447697832579,"beta_2_2","additive",17.797546713613,37.6956367016097,14.0683073680848,"sigmoidal"
NA,0,1,"no_signal",NA,NA,NA,NA,NA,NA,NA,NA,NA,NA,"beta_2_0.25","additive",4.76049900630023,8.43320934639219,3.96315926872194,"sigmoidal"
NA,0,2,"no_signal",NA,NA,NA,NA,NA,NA,NA,NA,NA,NA,"beta_2_0.25","additive",4.76049900630023,8.43320934639219,3.96315926872194,"sigmoidal"
NA,0,3,"no_signal",NA,NA,NA,NA,NA,NA,NA,NA,NA,NA,"beta_2_0.25","additive",4.76049900630023,8.43320934639219,3.96315926872194,"sigmoidal"
NA,0.2,1,"ambiguous",NA,NA,NA,NA,NA,NA,NA,NA,NA,NA,"beta_2_0.25","additive",4.76049900630023,8.43320934639219,3.96315926872194,"sigmoidal"
NA,0.2,2,"ambiguous",NA,NA,NA,NA,NA,NA,NA,NA,NA,NA,"beta_2_0.25","additive",4.76049900630023,8.43320934639219,3.96315926872194,"sigmoidal"
NA,0.2,3,"ambiguous",NA,NA,NA,NA,NA,NA,NA,NA,NA,NA,"beta_2_0.25","additive",4.76049900630023,8.43320934639219,3.96315926872194,"sigmoidal"
NA,0.4,1,"ambiguous",NA,NA,NA,NA,NA,NA,NA,NA,NA,NA,"beta_2_0.25","additive",4.76049900630023,8.43320934639219,3.96315926872194,"sigmoidal"
NA,0.4,2,"ambiguous",NA,NA,NA,NA,NA,NA,NA,NA,NA,NA,"beta_2_0.25","additive",4.76049900630023,8.43320934639219,3.96315926872194,"sigmoidal"
NA,0.4,3,"ambiguous",NA,NA,NA,NA,NA,NA,NA,NA,NA,NA,"beta_2_0.25","additive",4.76049900630023,8.43320934639219,3.96315926872194,"sigmoidal"
NA,0,1,"sigmoidal",10.3408945622409,10.8243119689269,6,NA,NA,NA,NA,NA,NA,0.000748069419256548,"equidistant","multiplicative",10.3384227979695,6.43066980165849,10.8281844779849,"sigmoidal"
NA,0,2,"sigmoidal",10.3408945617582,10.8243119672607,6,NA,NA,NA,NA,NA,NA,0.000748069374082714,"equidistant","multiplicative",10.3384227979695,6.43066980165849,10.8281844779849,"sigmoidal"
NA,0,3,"sigmoidal",10.3408945612227,10.8243119652819,6,NA,NA,NA,NA,NA,NA,0.000748069322658673,"equidistant","multiplicative",10.3384227979695,6.43066980165849,10.8281844779849,"sigmoidal"
NA,0.2,1,"sigmoidal",10.2710017591167,10.8664039970776,5.55212010030248,NA,NA,NA,NA,NA,NA,0.00642278235619604,"equidistant","multiplicative",10.3384227979695,6.43066980165849,10.8281844779849,"sigmoidal"
NA,0.2,2,"sigmoidal",10.2775269498797,10.8281967524912,6,NA,NA,NA,NA,NA,NA,0.00477657831578051,"equidistant","multiplicative",10.3384227979695,6.43066980165849,10.8281844779849,"sigmoidal"
NA,0.2,3,"sigmoidal",10.4666238800609,10.7967731452491,6,NA,NA,NA,NA,NA,NA,0.00984620387442324,"equidistant","multiplicative",10.3384227979695,6.43066980165849,10.8281844779849,"sigmoidal"
NA,0.4,1,"sigmoidal",10.1366119437113,10.7415204374787,6,NA,NA,NA,NA,NA,NA,0.0160339820009212,"equidistant","multiplicative",10.3384227979695,6.43066980165849,10.8281844779849,"sigmoidal"
NA,0.4,2,"sigmoidal",10.7625068250003,10.7818799025745,6,NA,NA,NA,NA,NA,NA,0.0306389071654863,"equidistant","multiplicative",10.3384227979695,6.43066980165849,10.8281844779849,"sigmoidal"
NA,0.4,3,"sigmoidal",10.7174343312757,10.8860770308303,5.94516068112373,NA,NA,NA,NA,NA,NA,0.0264830468094019,"equidistant","multiplicative",10.3384227979695,6.43066980165849,10.8281844779849,"sigmoidal"
NA,0,1,"sigmoidal",18.0792944244575,19.4669489264488,2.85285435247026,NA,NA,NA,NA,NA,NA,3.9706159515296e-17,"uniform","multiplicative",18.0792944244575,2.85285435247025,19.4669489264488,"sigmoidal"
NA,0,2,"sigmoidal",18.0792944244575,19.4669489264488,2.85285435247026,NA,NA,NA,NA,NA,NA,3.9706159515296e-17,"uniform","multiplicative",18.0792944244575,2.85285435247025,19.4669489264488,"sigmoidal"
NA,0,3,"sigmoidal",18.0792944244575,19.4669489264488,2.85285435247026,NA,NA,NA,NA,NA,NA,3.9706159515296e-17,"uniform","multiplicative",18.0792944244575,2.85285435247025,19.4669489264488,"sigmoidal"
NA,0.2,1,"sigmoidal",18.5974085700631,19.5153367456682,2.9157091277132,NA,NA,NA,NA,NA,NA,0.0122592150262596,"uniform","multiplicative",18.0792944244575,2.85285435247025,19.4669489264488,"sigmoidal"
NA,0.2,2,"sigmoidal",18.4118991028255,19.4551482686546,3.2735053980616,NA,NA,NA,NA,NA,NA,0.0086827993123711,"uniform","multiplicative",18.0792944244575,2.85285435247025,19.4669489264488,"sigmoidal"
NA,0.2,3,"sigmoidal",18.2704481857082,19.4646533126117,3.82019017492717,NA,NA,NA,NA,NA,NA,0.0069868616774459,"uniform","multiplicative",18.0792944244575,2.85285435247025,19.4669489264488,"sigmoidal"
NA,0.4,1,"sigmoidal",18.5623790628848,19.4754319401788,3.46090935744856,NA,NA,NA,NA,NA,NA,0.0123001828794651,"uniform","multiplicative",18.0792944244575,2.85285435247025,19.4669489264488,"sigmoidal"
NA,0.4,2,"sigmoidal",17.7773416238651,19.5036106441352,2.78166271487994,NA,NA,NA,NA,NA,NA,0.00808533157781308,"uniform","multiplicative",18.0792944244575,2.85285435247025,19.4669489264488,"sigmoidal"
NA,0.4,3,"sigmoidal",18.0058590058714,19.6753828284993,2.05906344332469,NA,NA,NA,NA,NA,NA,0.00886694348465233,"uniform","multiplicative",18.0792944244575,2.85285435247025,19.4669489264488,"sigmoidal"
NA,0,1,"sigmoidal",19.464770163662,13.4892081667611,6.39746297408829,NA,NA,NA,NA,NA,NA,0.00465999927875012,"beta_0.5_1.5","multiplicative",19.3793002321851,14.2971383064885,13.5692222043872,"sigmoidal"
NA,0,2,"sigmoidal",19.4647703636126,13.4892083397189,6.39746297408829,NA,NA,NA,NA,NA,NA,0.00466000224792877,"beta_0.5_1.5","multiplicative",19.3793002321851,14.2971383064885,13.5692222043872,"sigmoidal"
NA,0,3,"sigmoidal",19.4647700350563,13.4892080567893,6.39746297408829,NA,NA,NA,NA,NA,NA,0.00465999737390656,"beta_0.5_1.5","multiplicative",19.3793002321851,14.2971383064885,13.5692222043872,"sigmoidal"
NA,0.2,1,"sigmoidal",20.3257236258955,13.4757158268898,6.39746297408829,NA,NA,NA,NA,NA,NA,0.0145402838826867,"beta_0.5_1.5","multiplicative",19.3793002321851,14.2971383064885,13.5692222043872,"sigmoidal"
NA,0.2,2,"sigmoidal",19.5370535516055,13.5053122803981,6.39746297408829,NA,NA,NA,NA,NA,NA,0.00557193611997557,"beta_0.5_1.5","multiplicative",19.3793002321851,14.2971383064885,13.5692222043872,"sigmoidal"
NA,0.2,3,"sigmoidal",20.0608575364377,13.5293838884256,6.39746297408829,NA,NA,NA,NA,NA,NA,0.0117951524741676,"beta_0.5_1.5","multiplicative",19.3793002321851,14.2971383064885,13.5692222043872,"sigmoidal"
NA,0.4,1,"sigmoidal",19.5386636111038,13.4985415494841,6.39746297408829,NA,NA,NA,NA,NA,NA,0.00555324532804818,"beta_0.5_1.5","multiplicative",19.3793002321851,14.2971383064885,13.5692222043872,"sigmoidal"
NA,0.4,2,"sigmoidal",20.9910726268228,13.4241042217899,6.39746297408829,NA,NA,NA,NA,NA,NA,0.0235816713281011,"beta_0.5_1.5","multiplicative",19.3793002321851,14.2971383064885,13.5692222043872,"sigmoidal"
NA,0.4,3,"sigmoidal",20.1546963619173,13.4798428696532,6.39746297408829,NA,NA,NA,NA,NA,NA,0.0125797067338871,"beta_0.5_1.5","multiplicative",19.3793002321851,14.2971383064885,13.5692222043872,"sigmoidal"
NA,0,1,"sigmoidal",18.6482628865576,11.3392306306532,6.35614415342671,NA,NA,NA,NA,NA,NA,0.00153745512174043,"beta_2_2","multiplicative",18.6413025054615,12.0798419739795,11.4132284112275,"sigmoidal"
NA,0,2,"sigmoidal",18.6482628444892,11.3392305296531,6.35614415342671,NA,NA,NA,NA,NA,NA,0.00153745168164501,"beta_2_2","multiplicative",18.6413025054615,12.0798419739795,11.4132284112275,"sigmoidal"
NA,0,3,"sigmoidal",18.6482628482325,11.3392305385745,6.35614415342671,NA,NA,NA,NA,NA,NA,0.0015374519865614,"beta_2_2","multiplicative",18.6413025054615,12.0798419739795,11.4132284112275,"sigmoidal"
NA,0.2,1,"sigmoidal",18.7509794463447,11.2926873099017,6.35614415342671,NA,NA,NA,NA,NA,NA,0.00664672910674872,"beta_2_2","multiplicative",18.6413025054615,12.0798419739795,11.4132284112275,"sigmoidal"
NA,0.2,2,"sigmoidal",18.7748819574865,11.2830547711372,6.35614415342671,NA,NA,NA,NA,NA,NA,0.00793948770747221,"beta_2_2","multiplicative",18.6413025054615,12.0798419739795,11.4132284112275,"sigmoidal"
NA,0.2,3,"sigmoidal",18.8816216753748,11.3572543086803,6.35614415342671,NA,NA,NA,NA,NA,NA,0.0112766763540966,"beta_2_2","multiplicative",18.6413025054615,12.0798419739795,11.4132284112275,"sigmoidal"
NA,0.4,1,"sigmoidal",18.2239945681069,11.3755844258589,6.35614415342671,NA,NA,NA,NA,NA,NA,0.0201668869932716,"beta_2_2","multiplicative",18.6413025054615,12.0798419739795,11.4132284112275,"sigmoidal"
NA,0.4,2,"sigmoidal",19.6200262571005,11.2158945304353,6.35614415342671,NA,NA,NA,NA,NA,NA,0.046776565757154,"beta_2_2","multiplicative",18.6413025054615,12.0798419739795,11.4132284112275,"sigmoidal"
NA,0.4,3,"sigmoidal",18.8306260144525,11.280568641844,6.35614415342671,NA,NA,NA,NA,NA,NA,0.0104466536070806,"beta_2_2","multiplicative",18.6413025054615,12.0798419739795,11.4132284112275,"sigmoidal"
NA,0,1,"sigmoidal",9.95300690895408,24.190487782446,6.00000007397449,NA,NA,NA,NA,NA,NA,0.000788874658728376,"beta_2_0.25","multiplicative",9.95009622063954,31.790810971753,23.6695288214833,"sigmoidal"
NA,0,2,"sigmoidal",9.95300688569207,24.1904861664965,6.00000007397449,NA,NA,NA,NA,NA,NA,0.00078887459201431,"beta_2_0.25","multiplicative",9.95009622063954,31.790810971753,23.6695288214833,"sigmoidal"
NA,0,3,"sigmoidal",9.95300687471658,24.1904859765577,6.00000007397449,NA,NA,NA,NA,NA,NA,0.000788874011434073,"beta_2_0.25","multiplicative",9.95009622063954,31.790810971753,23.6695288214833,"sigmoidal"
NA,0.2,1,"sigmoidal",10.0064427406359,24.4129055032631,5.32134525723647,NA,NA,NA,NA,NA,NA,0.0052187970226798,"beta_2_0.25","multiplicative",9.95009622063954,31.790810971753,23.6695288214833,"sigmoidal"
NA,0.2,2,"sigmoidal",9.91227672308027,24.1376071738287,6.00000007397449,NA,NA,NA,NA,NA,NA,0.0034305267732274,"beta_2_0.25","multiplicative",9.95009622063954,31.790810971753,23.6695288214833,"sigmoidal"
NA,0.2,3,"sigmoidal",10.0893100279351,24.0665267646484,6.00000007397449,NA,NA,NA,NA,NA,NA,0.0108602923461739,"beta_2_0.25","multiplicative",9.95009622063954,31.790810971753,23.6695288214833,"sigmoidal"
NA,0.4,1,"sigmoidal",9.9073937457861,24.5169675695082,4.5274145807719,NA,NA,NA,NA,NA,NA,0.00591633875817782,"beta_2_0.25","multiplicative",9.95009622063954,31.790810971753,23.6695288214833,"sigmoidal"
NA,0.4,2,"sigmoidal",9.80285009749521,24.6267744992326,5.51433700655212,NA,NA,NA,NA,NA,NA,0.0137086964785028,"beta_2_0.25","multiplicative",9.95009622063954,31.790810971753,23.6695288214833,"sigmoidal"
NA,0.4,3,"sigmoidal",10.0221466440695,24.7156327189287,6.00000007397449,NA,NA,NA,NA,NA,NA,0.00901761941596479,"beta_2_0.25","multiplicative",9.95009622063954,31.790810971753,23.6695288214833,"sigmoidal"
NA,0,1,"sigmoidal",9.1445967470835,12.7732920010028,6,NA,NA,NA,NA,NA,NA,0.00630860224153731,"equidistant","additive",9.12285735562909,11.801997044405,12.8028443679214,"sigmoidal"
NA,0,2,"sigmoidal",9.14459672790044,12.7732919278609,6,NA,NA,NA,NA,NA,NA,0.00630860081583266,"equidistant","additive",9.12285735562909,11.801997044405,12.8028443679214,"sigmoidal"
NA,0,3,"sigmoidal",9.14459506403697,12.7732855431295,6,NA,NA,NA,NA,NA,NA,0.00630847703307642,"equidistant","additive",9.12285735562909,11.801997044405,12.8028443679214,"sigmoidal"
NA,0.2,1,"sigmoidal",9.03668486396859,12.7624371520547,6,NA,NA,NA,NA,NA,NA,0.010890294099351,"equidistant","additive",9.12285735562909,11.801997044405,12.8028443679214,"sigmoidal"
NA,0.2,2,"sigmoidal",9.19703068957605,12.724925702377,6,NA,NA,NA,NA,NA,NA,0.0096009306233175,"equidistant","additive",9.12285735562909,11.801997044405,12.8028443679214,"sigmoidal"
NA,0.2,3,"sigmoidal",9.075307182256,12.7800804480478,6,NA,NA,NA,NA,NA,NA,0.00827775477608695,"equidistant","additive",9.12285735562909,11.801997044405,12.8028443679214,"sigmoidal"
NA,0.4,1,"sigmoidal",8.87115139254376,12.7283559913236,6,NA,NA,NA,NA,NA,NA,0.0223299967578517,"equidistant","additive",9.12285735562909,11.801997044405,12.8028443679214,"sigmoidal"
NA,0.4,2,"sigmoidal",9.10655377964969,12.7259010694209,4.7901530870018,NA,NA,NA,NA,NA,NA,0.00853852017241806,"equidistant","additive",9.12285735562909,11.801997044405,12.8028443679214,"sigmoidal"
NA,0.4,3,"sigmoidal",8.95635616135947,12.7868051477455,6,NA,NA,NA,NA,NA,NA,0.0165128621636844,"equidistant","additive",9.12285735562909,11.801997044405,12.8028443679214,"sigmoidal"
NA,0,1,"sigmoidal",13.4772366179797,19.8999787595214,6.06673175758011,NA,NA,NA,NA,NA,NA,0.0033704587727733,"uniform","additive",13.4329585641623,33.8228209331012,19.5823222305626,"sigmoidal"
NA,0,2,"sigmoidal",13.477236590918,19.8999786647952,6.06673175758011,NA,NA,NA,NA,NA,NA,0.00337045805793273,"uniform","additive",13.4329585641623,33.8228209331012,19.5823222305626,"sigmoidal"
NA,0,3,"sigmoidal",13.4772368581471,19.8999796062969,6.06673175758011,NA,NA,NA,NA,NA,NA,0.00337046512247045,"uniform","additive",13.4329585641623,33.8228209331012,19.5823222305626,"sigmoidal"
NA,0.2,1,"sigmoidal",13.1404962937399,19.7891028232545,6.06673175758011,NA,NA,NA,NA,NA,NA,0.0109887074134739,"uniform","additive",13.4329585641623,33.8228209331012,19.5823222305626,"sigmoidal"
NA,0.2,2,"sigmoidal",13.3797293753714,19.6918719581429,6.06673175758011,NA,NA,NA,NA,NA,NA,0.0054157094182844,"uniform","additive",13.4329585641623,33.8228209331012,19.5823222305626,"sigmoidal"
NA,0.2,3,"sigmoidal",13.2902310133142,19.8321308868462,4.75044209896464,NA,NA,NA,NA,NA,NA,0.0087339981299358,"uniform","additive",13.4329585641623,33.8228209331012,19.5823222305626,"sigmoidal"
NA,0.4,1,"sigmoidal",13.6054263550216,19.3421528878091,1.67256664631775,NA,NA,NA,NA,NA,NA,0.039523378743975,"uniform","additive",13.4329585641623,33.8228209331012,19.5823222305626,"sigmoidal"
NA,0.4,2,"sigmoidal",13.9638984193505,19.555150581296,1.30352870838064,NA,NA,NA,NA,NA,NA,0.0523943144200031,"uniform","additive",13.4329585641623,33.8228209331012,19.5823222305626,"sigmoidal"
NA,0.4,3,"sigmoidal",13.2858118316546,19.6341776426939,2.56685830545715,NA,NA,NA,NA,NA,NA,0.0212250919375246,"uniform","additive",13.4329585641623,33.8228209331012,19.5823222305626,"sigmoidal"
NA,0,1,"sigmoidal",17.6591331248404,19.1044336874038,4.60502922559694,NA,NA,NA,NA,NA,NA,3.20064975019348e-18,"beta_0.5_1.5","additive",17.6591331248404,4.60502922559693,19.1044336874038,"sigmoidal"
NA,0,2,"sigmoidal",17.6591331248404,19.1044336874038,4.60502922559694,NA,NA,NA,NA,NA,NA,3.20064975019348e-18,"beta_0.5_1.5","additive",17.6591331248404,4.60502922559693,19.1044336874038,"sigmoidal"
NA,0,3,"sigmoidal",17.6591331248404,19.1044336874038,4.60502922559694,NA,NA,NA,NA,NA,NA,3.20064975019348e-18,"beta_0.5_1.5","additive",17.6591331248404,4.60502922559693,19.1044336874038,"sigmoidal"
NA,0.2,1,"sigmoidal",18.0070710314725,19.0435889619738,2.17596076383247,NA,NA,NA,NA,NA,NA,0.00477757282131013,"beta_0.5_1.5","additive",17.6591331248404,4.60502922559693,19.1044336874038,"sigmoidal"
NA,0.2,2,"sigmoidal",17.12194943308,19.034371852394,2.48567584032873,NA,NA,NA,NA,NA,NA,0.00531442564193334,"beta_0.5_1.5","additive",17.6591331248404,4.60502922559693,19.1044336874038,"sigmoidal"
NA,0.2,3,"double_sigmoidal",NA,NA,NA,24.1919334152387,24.2379502298258,0.304990932604385,1.68449753736922,1.00769252507526,0,0.0415252060180352,"beta_0.5_1.5","additive",17.6591331248404,4.60502922559693,19.1044336874038,"sigmoidal"
NA,0.4,1,"ambiguous",NA,NA,NA,NA,NA,NA,NA,NA,NA,NA,"beta_0.5_1.5","additive",17.6591331248404,4.60502922559693,19.1044336874038,"sigmoidal"
NA,0.4,2,"ambiguous",NA,NA,NA,NA,NA,NA,NA,NA,NA,NA,"beta_0.5_1.5","additive",17.6591331248404,4.60502922559693,19.1044336874038,"sigmoidal"
NA,0.4,3,"ambiguous",NA,NA,NA,NA,NA,NA,NA,NA,NA,NA,"beta_0.5_1.5","additive",17.6591331248404,4.60502922559693,19.1044336874038,"sigmoidal"
NA,0,1,"no_signal",NA,NA,NA,NA,NA,NA,NA,NA,NA,NA,"beta_2_2","additive",1.37450021796394,36.1138110158027,3.58324920013547,"sigmoidal"
NA,0,2,"no_signal",NA,NA,NA,NA,NA,NA,NA,NA,NA,NA,"beta_2_2","additive",1.37450021796394,36.1138110158027,3.58324920013547,"sigmoidal"
NA,0,3,"no_signal",NA,NA,NA,NA,NA,NA,NA,NA,NA,NA,"beta_2_2","additive",1.37450021796394,36.1138110158027,3.58324920013547,"sigmoidal"
NA,0.2,1,"ambiguous",NA,NA,NA,NA,NA,NA,NA,NA,NA,NA,"beta_2_2","additive",1.37450021796394,36.1138110158027,3.58324920013547,"sigmoidal"
NA,0.2,2,"ambiguous",NA,NA,NA,NA,NA,NA,NA,NA,NA,NA,"beta_2_2","additive",1.37450021796394,36.1138110158027,3.58324920013547,"sigmoidal"
NA,0.2,3,"ambiguous",NA,NA,NA,NA,NA,NA,NA,NA,NA,NA,"beta_2_2","additive",1.37450021796394,36.1138110158027,3.58324920013547,"sigmoidal"
NA,0.4,1,"ambiguous",NA,NA,NA,NA,NA,NA,NA,NA,NA,NA,"beta_2_2","additive",1.37450021796394,36.1138110158027,3.58324920013547,"sigmoidal"
NA,0.4,2,"ambiguous",NA,NA,NA,NA,NA,NA,NA,NA,NA,NA,"beta_2_2","additive",1.37450021796394,36.1138110158027,3.58324920013547,"sigmoidal"
NA,0.4,3,"ambiguous",NA,NA,NA,NA,NA,NA,NA,NA,NA,NA,"beta_2_2","additive",1.37450021796394,36.1138110158027,3.58324920013547,"sigmoidal"
NA,0,1,"sigmoidal",3.49589268787338,24.4554110646847,6.00000000000849,NA,NA,NA,NA,NA,NA,0.00180971884175199,"beta_2_0.25","additive",3.49332675286569,32.6151489657736,24.0599420852959,"sigmoidal"
NA,0,2,"sigmoidal",3.49589269017668,24.4554110714545,6.00000000000849,NA,NA,NA,NA,NA,NA,0.0018097193486558,"beta_2_0.25","additive",3.49332675286569,32.6151489657736,24.0599420852959,"sigmoidal"
NA,0,3,"sigmoidal",3.49589268885205,24.4554110657408,6.00000000000849,NA,NA,NA,NA,NA,NA,0.00180971905644038,"beta_2_0.25","additive",3.49332675286569,32.6151489657736,24.0599420852959,"sigmoidal"
NA,0.2,1,"sigmoidal",3.51354049642441,24.2944334359157,6.00000000000849,NA,NA,NA,NA,NA,NA,0.00640830434165051,"beta_2_0.25","additive",3.49332675286569,32.6151489657736,24.0599420852959,"sigmoidal"
NA,0.2,2,"sigmoidal",3.47612315942719,24.1749003231056,4.46460097368546,NA,NA,NA,NA,NA,NA,0.00999876160568691,"beta_2_0.25","additive",3.49332675286569,32.6151489657736,24.0599420852959,"sigmoidal"
NA,0.2,3,"sigmoidal",3.4557927161766,24.1636583424823,4.52404931749593,NA,NA,NA,NA,NA,NA,0.0151047486050849,"beta_2_0.25","additive",3.49332675286569,32.6151489657736,24.0599420852959,"sigmoidal"
NA,0.4,1,"sigmoidal",3.39486399687057,24.1376533836849,6.00000000000849,NA,NA,NA,NA,NA,NA,0.0282389531164391,"beta_2_0.25","additive",3.49332675286569,32.6151489657736,24.0599420852959,"sigmoidal"
NA,0.4,2,"sigmoidal",3.42967848979489,24.3078626340859,4.77438670818674,NA,NA,NA,NA,NA,NA,0.0192346284582043,"beta_2_0.25","additive",3.49332675286569,32.6151489657736,24.0599420852959,"sigmoidal"
NA,0.4,3,"sigmoidal",3.49225266723909,24.149872301795,6.00000000000849,NA,NA,NA,NA,NA,NA,0.00378727095498995,"beta_2_0.25","additive",3.49332675286569,32.6151489657736,24.0599420852959,"sigmoidal"
NA,0,1,"sigmoidal",5.27266069271303,13.7897963690665,6,NA,NA,NA,NA,NA,NA,0.00646361506156181,"equidistant","multiplicative",5.25984725821763,27.5953490223167,13.9237255565822,"sigmoidal"
NA,0,2,"sigmoidal",5.27266190614921,13.7898038390469,6,NA,NA,NA,NA,NA,NA,0.00646377823384691,"equidistant","multiplicative",5.25984725821763,27.5953490223167,13.9237255565822,"sigmoidal"
NA,0,3,"sigmoidal",5.27266190583265,13.789803837575,6,NA,NA,NA,NA,NA,NA,0.00646377819382461,"equidistant","multiplicative",5.25984725821763,27.5953490223167,13.9237255565822,"sigmoidal"
NA,0.2,1,"sigmoidal",5.28638226472879,13.8186284128122,6,NA,NA,NA,NA,NA,NA,0.00806799947996991,"equidistant","multiplicative",5.25984725821763,27.5953490223167,13.9237255565822,"sigmoidal"
NA,0.2,2,"sigmoidal",5.36049061192847,13.7769249464344,6,NA,NA,NA,NA,NA,NA,0.0155470468754839,"equidistant","multiplicative",5.25984725821763,27.5953490223167,13.9237255565822,"sigmoidal"
NA,0.2,3,"sigmoidal",5.31346641163151,13.796256199391,6,NA,NA,NA,NA,NA,NA,0.0106471484183895,"equidistant","multiplicative",5.25984725821763,27.5953490223167,13.9237255565822,"sigmoidal"
NA,0.4,1,"sigmoidal",5.46584874938841,13.8389094656921,6,NA,NA,NA,NA,NA,NA,0.027251681776462,"equidistant","multiplicative",5.25984725821763,27.5953490223167,13.9237255565822,"sigmoidal"
NA,0.4,2,"sigmoidal",5.45308270124951,13.7460810491975,6,NA,NA,NA,NA,NA,NA,0.0256200552168687,"equidistant","multiplicative",5.25984725821763,27.5953490223167,13.9237255565822,"sigmoidal"
NA,0.4,3,"sigmoidal",5.53631271674891,13.8753041531922,6,NA,NA,NA,NA,NA,NA,0.0352602658640146,"equidistant","multiplicative",5.25984725821763,27.5953490223167,13.9237255565822,"sigmoidal"
NA,0,1,"sigmoidal",8.88553806601398,15.7967145667154,6.26246841113156,NA,NA,NA,NA,NA,NA,4.85054471225825e-05,"uniform","multiplicative",8.88525431426242,37.8596434986161,16.323178242892,"sigmoidal"
NA,0,2,"sigmoidal",8.88553806601303,15.7967145719886,6.26246841113156,NA,NA,NA,NA,NA,NA,4.85054470040674e-05,"uniform","multiplicative",8.88525431426242,37.8596434986161,16.323178242892,"sigmoidal"
NA,0,3,"sigmoidal",8.8855380659963,15.7967145548913,6.26246841113156,NA,NA,NA,NA,NA,NA,4.85054463336207e-05,"uniform","multiplicative",8.88525431426242,37.8596434986161,16.323178242892,"sigmoidal"
NA,0.2,1,"sigmoidal",8.73200425802484,15.5651782914206,6.26246841113156,NA,NA,NA,NA,NA,NA,0.00885848968134458,"uniform","multiplicative",8.88525431426242,37.8596434986161,16.323178242892,"sigmoidal"
NA,0.2,2,"sigmoidal",8.8034009636352,15.5339836112086,6.26246841113156,NA,NA,NA,NA,NA,NA,0.00478375009561208,"uniform","multiplicative",8.88525431426242,37.8596434986161,16.323178242892,"sigmoidal"
NA,0.2,3,"sigmoidal",8.71008056189124,15.5941509375451,6.26246841113156,NA,NA,NA,NA,NA,NA,0.0101029524447059,"uniform","multiplicative",8.88525431426242,37.8596434986161,16.323178242892,"sigmoidal"
NA,0.4,1,"sigmoidal",8.84779520377024,15.9674645353504,5.14954059298621,NA,NA,NA,NA,NA,NA,0.00231303961557996,"uniform","multiplicative",8.88525431426242,37.8596434986161,16.323178242892,"sigmoidal"
NA,0.4,2,"sigmoidal",9.70375492506099,16.0885040742407,2.51775981940683,NA,NA,NA,NA,NA,NA,0.0457263905652729,"uniform","multiplicative",8.88525431426242,37.8596434986161,16.323178242892,"sigmoidal"
NA,0.4,3,"sigmoidal",8.97019235178509,15.6057455900127,6.26246841113156,NA,NA,NA,NA,NA,NA,0.00492073014651589,"uniform","multiplicative",8.88525431426242,37.8596434986161,16.323178242892,"sigmoidal"
NA,0,1,"sigmoidal",10.0201476591163,17.023956183109,6.77896092883276,NA,NA,NA,NA,NA,NA,3.06476272230671e-09,"beta_0.5_1.5","multiplicative",10.0201475460082,20.3682267103125,17.7264912743121,"sigmoidal"
NA,0,2,"sigmoidal",10.0201476591163,17.0239561831119,6.77896092883276,NA,NA,NA,NA,NA,NA,3.06476267395717e-09,"beta_0.5_1.5","multiplicative",10.0201475460082,20.3682267103125,17.7264912743121,"sigmoidal"
NA,0,3,"sigmoidal",10.0201476591156,17.0239554431603,6.77895616680237,NA,NA,NA,NA,NA,NA,3.06478791454044e-09,"beta_0.5_1.5","multiplicative",10.0201475460082,20.3682267103125,17.7264912743121,"sigmoidal"
NA,0.2,1,"double_sigmoidal",NA,NA,NA,17.0831221535334,15.854198230763,6.77896092883276,6.77896092883276,2.06598413629923,0.551201871896579,0.0123592398647525,"beta_0.5_1.5","multiplicative",10.0201475460082,20.3682267103125,17.7264912743121,"sigmoidal"
NA,0.2,2,"double_sigmoidal",NA,NA,NA,14.3991321097503,18.1467754344767,1.96755954078666,6.77896092883276,1.06210967662853,0.709844304404049,0.00709542819267523,"beta_0.5_1.5","multiplicative",10.0201475460082,20.3682267103125,17.7264912743121,"sigmoidal"
NA,0.2,3,"sigmoidal",10.473726716413,16.3774376009116,2.1229255989403,NA,NA,NA,NA,NA,NA,0.00791680838104147,"beta_0.5_1.5","multiplicative",10.0201475460082,20.3682267103125,17.7264912743121,"sigmoidal"
NA,0.4,1,"sigmoidal",11.1774349637434,17.5796420472161,6.77896092883276,NA,NA,NA,NA,NA,NA,0.0203401272641754,"beta_0.5_1.5","multiplicative",10.0201475460082,20.3682267103125,17.7264912743121,"sigmoidal"
NA,0.4,2,"sigmoidal",9.70222163655199,15.5275297465844,6.77896092883276,NA,NA,NA,NA,NA,NA,0.00575552097099293,"beta_0.5_1.5","multiplicative",10.0201475460082,20.3682267103125,17.7264912743121,"sigmoidal"
NA,0.4,3,"sigmoidal",9.24151399244735,15.5538664805635,6.77896092883276,NA,NA,NA,NA,NA,NA,0.0141149574414104,"beta_0.5_1.5","multiplicative",10.0201475460082,20.3682267103125,17.7264912743121,"sigmoidal"
NA,0,1,"sigmoidal",19.9602943587494,25.3819697182874,6.36566283883091,NA,NA,NA,NA,NA,NA,7.40662421056095e-05,"beta_2_2","multiplicative",19.9557920928113,30.533581877667,25.4861823935062,"sigmoidal"
NA,0,2,"sigmoidal",19.9602943602963,25.381969782861,6.36566283883091,NA,NA,NA,NA,NA,NA,7.40662497937999e-05,"beta_2_2","multiplicative",19.9557920928113,30.533581877667,25.4861823935062,"sigmoidal"
NA,0,3,"sigmoidal",19.9602943601886,25.3819697789608,6.36566283883091,NA,NA,NA,NA,NA,NA,7.40662492644717e-05,"beta_2_2","multiplicative",19.9557920928113,30.533581877667,25.4861823935062,"sigmoidal"
NA,0.2,1,"sigmoidal",20.040418460232,25.2447225462304,6.36566283883091,NA,NA,NA,NA,NA,NA,0.000590060404463875,"beta_2_2","multiplicative",19.9557920928113,30.533581877667,25.4861823935062,"sigmoidal"
NA,0.2,2,"sigmoidal",20.4995097959057,25.77424309703,2.46724993507572,NA,NA,NA,NA,NA,NA,0.00489887441858895,"beta_2_2","multiplicative",19.9557920928113,30.533581877667,25.4861823935062,"sigmoidal"
NA,0.2,3,"sigmoidal",19.9689576664538,25.5825136735329,5.19080521912612,NA,NA,NA,NA,NA,NA,0.000336543584702844,"beta_2_2","multiplicative",19.9557920928113,30.533581877667,25.4861823935062,"sigmoidal"
NA,0.4,1,"sigmoidal",17.1726449482046,25.1550375925089,6.36566283883091,NA,NA,NA,NA,NA,NA,0.0178504247502172,"beta_2_2","multiplicative",19.9557920928113,30.533581877667,25.4861823935062,"sigmoidal"
NA,0.4,2,"sigmoidal",20.7791199173697,25.6237846843389,3.22372416687954,NA,NA,NA,NA,NA,NA,0.00510506645919815,"beta_2_2","multiplicative",19.9557920928113,30.533581877667,25.4861823935062,"sigmoidal"
NA,0.4,3,"sigmoidal",24.0658008488175,26.2882065164256,6.36566283883091,NA,NA,NA,NA,NA,NA,0.025763536173374,"beta_2_2","multiplicative",19.9557920928113,30.533581877667,25.4861823935062,"sigmoidal"
NA,0,1,"no_signal",NA,NA,NA,NA,NA,NA,NA,NA,NA,NA,"beta_2_0.25","multiplicative",19.9507530742325,31.6889725281135,7.48126417212188,"sigmoidal"
NA,0,2,"no_signal",NA,NA,NA,NA,NA,NA,NA,NA,NA,NA,"beta_2_0.25","multiplicative",19.9507530742325,31.6889725281135,7.48126417212188,"sigmoidal"
NA,0,3,"no_signal",NA,NA,NA,NA,NA,NA,NA,NA,NA,NA,"beta_2_0.25","multiplicative",19.9507530742325,31.6889725281135,7.48126417212188,"sigmoidal"
NA,0.2,1,"ambiguous",NA,NA,NA,NA,NA,NA,NA,NA,NA,NA,"beta_2_0.25","multiplicative",19.9507530742325,31.6889725281135,7.48126417212188,"sigmoidal"
NA,0.2,2,"ambiguous",NA,NA,NA,NA,NA,NA,NA,NA,NA,NA,"beta_2_0.25","multiplicative",19.9507530742325,31.6889725281135,7.48126417212188,"sigmoidal"
NA,0.2,3,"ambiguous",NA,NA,NA,NA,NA,NA,NA,NA,NA,NA,"beta_2_0.25","multiplicative",19.9507530742325,31.6889725281135,7.48126417212188,"sigmoidal"
NA,0.4,1,"ambiguous",NA,NA,NA,NA,NA,NA,NA,NA,NA,NA,"beta_2_0.25","multiplicative",19.9507530742325,31.6889725281135,7.48126417212188,"sigmoidal"
NA,0.4,2,"ambiguous",NA,NA,NA,NA,NA,NA,NA,NA,NA,NA,"beta_2_0.25","multiplicative",19.9507530742325,31.6889725281135,7.48126417212188,"sigmoidal"
NA,0.4,3,"ambiguous",NA,NA,NA,NA,NA,NA,NA,NA,NA,NA,"beta_2_0.25","multiplicative",19.9507530742325,31.6889725281135,7.48126417212188,"sigmoidal"
NA,0,1,"sigmoidal",2.37560382080963,23.7528870539546,6,NA,NA,NA,NA,NA,NA,0.00871541562342051,"equidistant","additive",2.35152779980563,25.9056888620765,23.7277675755322,"sigmoidal"
NA,0,2,"sigmoidal",2.37560209636863,23.7528872210788,6,NA,NA,NA,NA,NA,NA,0.00871529051233139,"equidistant","additive",2.35152779980563,25.9056888620765,23.7277675755322,"sigmoidal"
NA,0,3,"sigmoidal",2.37560423996066,23.752889366899,6,NA,NA,NA,NA,NA,NA,0.00871544667895793,"equidistant","additive",2.35152779980563,25.9056888620765,23.7277675755322,"sigmoidal"
NA,0.2,1,"sigmoidal",2.37368405971211,23.7264720696636,6,NA,NA,NA,NA,NA,NA,0.00861738953251366,"equidistant","additive",2.35152779980563,25.9056888620765,23.7277675755322,"sigmoidal"
NA,0.2,2,"sigmoidal",2.37170687560798,23.7222814214293,6,NA,NA,NA,NA,NA,NA,0.00848929722455998,"equidistant","additive",2.35152779980563,25.9056888620765,23.7277675755322,"sigmoidal"
NA,0.2,3,"sigmoidal",2.421908106554,23.7090288624673,6,NA,NA,NA,NA,NA,NA,0.0129659174898845,"equidistant","additive",2.35152779980563,25.9056888620765,23.7277675755322,"sigmoidal"
NA,0.4,1,"sigmoidal",2.43829021231581,23.5687906356023,6,NA,NA,NA,NA,NA,NA,0.0167008583611838,"equidistant","additive",2.35152779980563,25.9056888620765,23.7277675755322,"sigmoidal"
NA,0.4,2,"sigmoidal",2.49670100909943,23.4069629449021,1.03346270469461,NA,NA,NA,NA,NA,NA,0.0522722982253368,"equidistant","additive",2.35152779980563,25.9056888620765,23.7277675755322,"sigmoidal"
NA,0.4,3,"sigmoidal",2.23410931284692,23.6479713960032,6,NA,NA,NA,NA,NA,NA,0.0191117244288797,"equidistant","additive",2.35152779980563,25.9056888620765,23.7277675755322,"sigmoidal"
NA,0,1,"sigmoidal",9.68868516775665,15.8794458964172,6.06067747330696,NA,NA,NA,NA,NA,NA,0.000439457282266134,"uniform","additive",9.68601465944666,12.1767854060996,15.8361771237105,"sigmoidal"
NA,0,2,"sigmoidal",9.68868516739984,15.8794458744457,6.06067747330696,NA,NA,NA,NA,NA,NA,0.000439457265699398,"uniform","additive",9.68601465944666,12.1767854060996,15.8361771237105,"sigmoidal"
NA,0,3,"sigmoidal",9.68868516775665,15.8794458964172,6.06067747330696,NA,NA,NA,NA,NA,NA,0.000439457282266134,"uniform","additive",9.68601465944666,12.1767854060996,15.8361771237105,"sigmoidal"
NA,0.2,1,"sigmoidal",9.57586581303448,15.7564270534594,2.72519374497422,NA,NA,NA,NA,NA,NA,0.0125131896559499,"uniform","additive",9.68601465944666,12.1767854060996,15.8361771237105,"sigmoidal"
NA,0.2,2,"sigmoidal",9.66314240526868,15.6280006333947,5.54707092678703,NA,NA,NA,NA,NA,NA,0.0023165253982028,"uniform","additive",9.68601465944666,12.1767854060996,15.8361771237105,"sigmoidal"
NA,0.2,3,"sigmoidal",9.68422541415111,15.6155956783785,4.48652377395053,NA,NA,NA,NA,NA,NA,0.0022483004357825,"uniform","additive",9.68601465944666,12.1767854060996,15.8361771237105,"sigmoidal"
NA,0.4,1,"sigmoidal",10.0667996947642,15.5154357753798,2.1260532294648,NA,NA,NA,NA,NA,NA,0.0321226976625734,"uniform","additive",9.68601465944666,12.1767854060996,15.8361771237105,"sigmoidal"
NA,0.4,2,"sigmoidal",9.96761748792672,15.5095214054254,1.84414928777069,NA,NA,NA,NA,NA,NA,0.030356294229589,"uniform","additive",9.68601465944666,12.1767854060996,15.8361771237105,"sigmoidal"
NA,0.4,3,"sigmoidal",9.86741696823224,15.5606067702858,2.51930244647859,NA,NA,NA,NA,NA,NA,0.0182564226249813,"uniform","additive",9.68601465944666,12.1767854060996,15.8361771237105,"sigmoidal"
NA,0,1,"sigmoidal",8.97998645999459,26.393119012937,1.37030265663453,NA,NA,NA,NA,NA,NA,3.55511115544994e-16,"beta_0.5_1.5","additive",8.97998645999469,1.37030265663448,26.3931190129369,"sigmoidal"
NA,0,2,"sigmoidal",8.97998645999458,26.393119012937,1.37030265663453,NA,NA,NA,NA,NA,NA,3.6437206967369e-16,"beta_0.5_1.5","additive",8.97998645999469,1.37030265663448,26.3931190129369,"sigmoidal"
NA,0,3,"sigmoidal",8.97998645999459,26.393119012937,1.37030265663453,NA,NA,NA,NA,NA,NA,3.55511115544994e-16,"beta_0.5_1.5","additive",8.97998645999469,1.37030265663448,26.3931190129369,"sigmoidal"
NA,0.2,1,"ambiguous",NA,NA,NA,NA,NA,NA,NA,NA,NA,NA,"beta_0.5_1.5","additive",8.97998645999469,1.37030265663448,26.3931190129369,"sigmoidal"
NA,0.2,2,"ambiguous",NA,NA,NA,NA,NA,NA,NA,NA,NA,NA,"beta_0.5_1.5","additive",8.97998645999469,1.37030265663448,26.3931190129369,"sigmoidal"
NA,0.2,3,"double_sigmoidal",NA,NA,NA,8.89462782525749,23.8324604024924,1.5119208883987,6.44613452598857,1.11694845507367,0.704234352489186,0.0159620957170078,"beta_0.5_1.5","additive",8.97998645999469,1.37030265663448,26.3931190129369,"sigmoidal"
NA,0.4,1,"ambiguous",NA,NA,NA,NA,NA,NA,NA,NA,NA,NA,"beta_0.5_1.5","additive",8.97998645999469,1.37030265663448,26.3931190129369,"sigmoidal"
NA,0.4,2,"ambiguous",NA,NA,NA,NA,NA,NA,NA,NA,NA,NA,"beta_0.5_1.5","additive",8.97998645999469,1.37030265663448,26.3931190129369,"sigmoidal"
NA,0.4,3,"ambiguous",NA,NA,NA,NA,NA,NA,NA,NA,NA,NA,"beta_0.5_1.5","additive",8.97998645999469,1.37030265663448,26.3931190129369,"sigmoidal"
NA,0,1,"sigmoidal",15.1363438855978,11.7847529529634,2.89388843376,NA,NA,NA,NA,NA,NA,2.92868790584898e-10,"beta_2_2","additive",15.1363438865868,2.89388841437222,11.7847529500723,"sigmoidal"
NA,0,2,"sigmoidal",15.1363438855978,11.7847529529634,2.89388843376,NA,NA,NA,NA,NA,NA,2.92868790584898e-10,"beta_2_2","additive",15.1363438865868,2.89388841437222,11.7847529500723,"sigmoidal"
NA,0,3,"sigmoidal",15.1363438855978,11.7847529529634,2.89388843376,NA,NA,NA,NA,NA,NA,2.92868790584898e-10,"beta_2_2","additive",15.1363438865868,2.89388841437222,11.7847529500723,"sigmoidal"
NA,0.2,1,"sigmoidal",15.0957603590532,11.5608673471728,1.92167332329435,NA,NA,NA,NA,NA,NA,0.023422000224956,"beta_2_2","additive",15.1363438865868,2.89388841437222,11.7847529500723,"sigmoidal"
NA,0.2,2,"sigmoidal",15.5305902394872,11.6063944209765,1.9714501001125,NA,NA,NA,NA,NA,NA,0.0316876262286261,"beta_2_2","additive",15.1363438865868,2.89388841437222,11.7847529500723,"sigmoidal"
NA,0.2,3,"sigmoidal",15.3996760164222,11.6162828483536,2.04399018047167,NA,NA,NA,NA,NA,NA,0.0253527252109345,"beta_2_2","additive",15.1363438865868,2.89388841437222,11.7847529500723,"sigmoidal"
NA,0.4,1,"sigmoidal",15.1959915689982,11.7343521014409,1.86849909203251,NA,NA,NA,NA,NA,NA,0.0206906024227649,"beta_2_2","additive",15.1363438865868,2.89388841437222,11.7847529500723,"sigmoidal"
NA,0.4,2,"sigmoidal",16.1017121529515,11.4545070371566,1.46001482597562,NA,NA,NA,NA,NA,NA,0.069305603379895,"beta_2_2","additive",15.1363438865868,2.89388841437222,11.7847529500723,"sigmoidal"
NA,0.4,3,"sigmoidal",15.1657285942196,11.6340708508679,2.04391011877703,NA,NA,NA,NA,NA,NA,0.0170283905547883,"beta_2_2","additive",15.1363438865868,2.89388841437222,11.7847529500723,"sigmoidal"
NA,0,1,"no_signal",NA,NA,NA,NA,NA,NA,NA,NA,NA,NA,"beta_2_0.25","additive",3.42046627784148,36.0139704792204,8.50209122523665,"sigmoidal"
NA,0,2,"no_signal",NA,NA,NA,NA,NA,NA,NA,NA,NA,NA,"beta_2_0.25","additive",3.42046627784148,36.0139704792204,8.50209122523665,"sigmoidal"
NA,0,3,"no_signal",NA,NA,NA,NA,NA,NA,NA,NA,NA,NA,"beta_2_0.25","additive",3.42046627784148,36.0139704792204,8.50209122523665,"sigmoidal"
NA,0.2,1,"ambiguous",NA,NA,NA,NA,NA,NA,NA,NA,NA,NA,"beta_2_0.25","additive",3.42046627784148,36.0139704792204,8.50209122523665,"sigmoidal"
NA,0.2,2,"ambiguous",NA,NA,NA,NA,NA,NA,NA,NA,NA,NA,"beta_2_0.25","additive",3.42046627784148,36.0139704792204,8.50209122523665,"sigmoidal"
NA,0.2,3,"ambiguous",NA,NA,NA,NA,NA,NA,NA,NA,NA,NA,"beta_2_0.25","additive",3.42046627784148,36.0139704792204,8.50209122523665,"sigmoidal"
NA,0.4,1,"ambiguous",NA,NA,NA,NA,NA,NA,NA,NA,NA,NA,"beta_2_0.25","additive",3.42046627784148,36.0139704792204,8.50209122523665,"sigmoidal"
NA,0.4,2,"ambiguous",NA,NA,NA,NA,NA,NA,NA,NA,NA,NA,"beta_2_0.25","additive",3.42046627784148,36.0139704792204,8.50209122523665,"sigmoidal"
NA,0.4,3,"ambiguous",NA,NA,NA,NA,NA,NA,NA,NA,NA,NA,"beta_2_0.25","additive",3.42046627784148,36.0139704792204,8.50209122523665,"sigmoidal"
NA,0,1,"sigmoidal",5.49476881692115,15.2320014904079,6,NA,NA,NA,NA,NA,NA,0.00702170919564692,"equidistant","multiplicative",5.47504253711086,12.6798472722063,15.1972016785294,"sigmoidal"
NA,0,2,"sigmoidal",5.49477021139504,15.2320094498696,6,NA,NA,NA,NA,NA,NA,0.00702181057447334,"equidistant","multiplicative",5.47504253711086,12.6798472722063,15.1972016785294,"sigmoidal"
NA,0,3,"sigmoidal",5.49477022252635,15.2320095123633,6,NA,NA,NA,NA,NA,NA,0.00702181138648528,"equidistant","multiplicative",5.47504253711086,12.6798472722063,15.1972016785294,"sigmoidal"
NA,0.2,1,"sigmoidal",5.49237899663332,15.2211267271798,6,NA,NA,NA,NA,NA,NA,0.00684887008518842,"equidistant","multiplicative",5.47504253711086,12.6798472722063,15.1972016785294,"sigmoidal"
NA,0.2,2,"sigmoidal",5.71655665620292,15.2146320274362,6,NA,NA,NA,NA,NA,NA,0.0277934903528589,"equidistant","multiplicative",5.47504253711086,12.6798472722063,15.1972016785294,"sigmoidal"
NA,0.2,3,"sigmoidal",5.59605118973463,15.2644441574131,6,NA,NA,NA,NA,NA,NA,0.0162450834384167,"equidistant","multiplicative",5.47504253711086,12.6798472722063,15.1972016785294,"sigmoidal"
NA,0.4,1,"sigmoidal",5.52457625581474,15.3215139188567,6,NA,NA,NA,NA,NA,NA,0.00995198149325762,"equidistant","multiplicative",5.47504253711086,12.6798472722063,15.1972016785294,"sigmoidal"
NA,0.4,2,"sigmoidal",5.59445228049642,15.2694009427936,6,NA,NA,NA,NA,NA,NA,0.0160923823131075,"equidistant","multiplicative",5.47504253711086,12.6798472722063,15.1972016785294,"sigmoidal"
NA,0.4,3,"sigmoidal",5.27757262304305,15.27053886049,6,NA,NA,NA,NA,NA,NA,0.0247364158364582,"equidistant","multiplicative",5.47504253711086,12.6798472722063,15.1972016785294,"sigmoidal"
NA,0,1,"sigmoidal",17.5279838012646,18.3180836555381,6.05894019801158,NA,NA,NA,NA,NA,NA,0.00536415024843854,"uniform","multiplicative",17.4758166837273,13.5859202922133,18.3868539556861,"sigmoidal"
NA,0,2,"sigmoidal",17.5279781475712,18.3180735524461,6.05894019801158,NA,NA,NA,NA,NA,NA,0.00536400204191045,"uniform","multiplicative",17.4758166837273,13.5859202922133,18.3868539556861,"sigmoidal"
NA,0,3,"sigmoidal",17.5279838200197,18.3180836884226,6.05894019801158,NA,NA,NA,NA,NA,NA,0.00536415073904045,"uniform","multiplicative",17.4758166837273,13.5859202922133,18.3868539556861,"sigmoidal"
NA,0.2,1,"sigmoidal",18.0266702097897,18.2813380425268,6.05894019801158,NA,NA,NA,NA,NA,NA,0.0169483254579327,"uniform","multiplicative",17.4758166837273,13.5859202922133,18.3868539556861,"sigmoidal"
NA,0.2,2,"sigmoidal",17.8317202422292,18.3376934542241,6.05894019801158,NA,NA,NA,NA,NA,NA,0.0124647236553203,"uniform","multiplicative",17.4758166837273,13.5859202922133,18.3868539556861,"sigmoidal"
NA,0.2,3,"sigmoidal",18.2020801029253,18.301271107981,6.05894019801158,NA,NA,NA,NA,NA,NA,0.0209838787715781,"uniform","multiplicative",17.4758166837273,13.5859202922133,18.3868539556861,"sigmoidal"
NA,0.4,1,"sigmoidal",17.3214638270221,18.2529796516918,6.05894019801158,NA,NA,NA,NA,NA,NA,0.00811054467649814,"uniform","multiplicative",17.4758166837273,13.5859202922133,18.3868539556861,"sigmoidal"
NA,0.4,2,"sigmoidal",16.9198684910247,18.3428092092233,6.05894019801158,NA,NA,NA,NA,NA,NA,0.0179497633293277,"uniform","multiplicative",17.4758166837273,13.5859202922133,18.3868539556861,"sigmoidal"
NA,0.4,3,"sigmoidal",17.0743591297636,18.240883412579,6.05894019801158,NA,NA,NA,NA,NA,NA,0.0142862585795003,"uniform","multiplicative",17.4758166837273,13.5859202922133,18.3868539556861,"sigmoidal"
NA,0,1,"double_sigmoidal",NA,NA,NA,1.94239537832793,13.3381917962537,5.78891355665294,6.37197072466083,1.12994869422964,0.297026207741063,0.0391224736699532,"beta_0.5_1.5","multiplicative",6.47465126109309,37.3598480716445,26.8932112511247,"sigmoidal"
NA,0,2,"double_sigmoidal",NA,NA,NA,1.94239537832793,7.24447523219554,4.38859462450506,6.37197072466083,1.12994869422964,0.112613082559151,0.0381279309298869,"beta_0.5_1.5","multiplicative",6.47465126109309,37.3598480716445,26.8932112511247,"sigmoidal"
NA,0,3,"double_sigmoidal",NA,NA,NA,1.94239537832793,16.4052665623967,6.37197072466083,6.37197072466083,1.12994869422964,0.355291503782795,0.0379639404233126,"beta_0.5_1.5","multiplicative",6.47465126109309,37.3598480716445,26.8932112511247,"sigmoidal"
NA,0.2,1,"double_sigmoidal",NA,NA,NA,2.12250135842304,21.2933364648181,3.63055542195936,5.77435723607327,1.12994869422964,0.459459219606385,0.029537715247433,"beta_0.5_1.5","multiplicative",6.47465126109309,37.3598480716445,26.8932112511247,"sigmoidal"
NA,0.2,2,"double_sigmoidal",NA,NA,NA,2.12232164411834,7.19235980664605,6.37197072466083,6.37197072466083,1.12994869422964,0.117557025713887,0.039409244226507,"beta_0.5_1.5","multiplicative",6.47465126109309,37.3598480716445,26.8932112511247,"sigmoidal"
NA,0.2,3,"ambiguous",NA,NA,NA,NA,NA,NA,NA,NA,NA,NA,"beta_0.5_1.5","multiplicative",6.47465126109309,37.3598480716445,26.8932112511247,"sigmoidal"
NA,0.4,1,"ambiguous",NA,NA,NA,NA,NA,NA,NA,NA,NA,NA,"beta_0.5_1.5","multiplicative",6.47465126109309,37.3598480716445,26.8932112511247,"sigmoidal"
NA,0.4,2,"double_sigmoidal",NA,NA,NA,2.59868197463338,21.1129436580231,6.37197072466083,6.37197072466083,1.12994869422964,0.499634387544419,0.0329184904949095,"beta_0.5_1.5","multiplicative",6.47465126109309,37.3598480716445,26.8932112511247,"sigmoidal"
NA,0.4,3,"double_sigmoidal",NA,NA,NA,2.14130957722586,16.3620167175763,6.37197072466083,6.37197072466083,1.12994869422964,0.333590174935767,0.0390023902869971,"beta_0.5_1.5","multiplicative",6.47465126109309,37.3598480716445,26.8932112511247,"sigmoidal"
NA,0,1,"sigmoidal",9.07877653195836,10.671965196586,6.56522643858257,NA,NA,NA,NA,NA,NA,0.00766500522875743,"beta_2_2","multiplicative",9.05572799136862,20.4600925590002,10.6825239825994,"sigmoidal"
NA,0,2,"sigmoidal",9.07877732827145,10.6719692958509,6.56522643858257,NA,NA,NA,NA,NA,NA,0.00766507167073208,"beta_2_2","multiplicative",9.05572799136862,20.4600925590002,10.6825239825994,"sigmoidal"
NA,0,3,"sigmoidal",9.07877674102662,10.6719628218929,6.56522643858257,NA,NA,NA,NA,NA,NA,0.00766502102449295,"beta_2_2","multiplicative",9.05572799136862,20.4600925590002,10.6825239825994,"sigmoidal"
NA,0.2,1,"sigmoidal",9.14181161118277,10.6768387287393,6.56522643858257,NA,NA,NA,NA,NA,NA,0.0129538691489352,"beta_2_2","multiplicative",9.05572799136862,20.4600925590002,10.6825239825994,"sigmoidal"
NA,0.2,2,"sigmoidal",9.07977652425812,10.6867588084913,6.56522643858257,NA,NA,NA,NA,NA,NA,0.00776926052326373,"beta_2_2","multiplicative",9.05572799136862,20.4600925590002,10.6825239825994,"sigmoidal"
NA,0.2,3,"sigmoidal",9.15307818564434,10.7233435339956,6.56522643858257,NA,NA,NA,NA,NA,NA,0.0140692565137141,"beta_2_2","multiplicative",9.05572799136862,20.4600925590002,10.6825239825994,"sigmoidal"
NA,0.4,1,"sigmoidal",9.03190670765529,10.611518510431,6.56522643858257,NA,NA,NA,NA,NA,NA,0.00815275577193133,"beta_2_2","multiplicative",9.05572799136862,20.4600925590002,10.6825239825994,"sigmoidal"
NA,0.4,2,"sigmoidal",8.84742715615231,10.6387169817342,6.56522643858257,NA,NA,NA,NA,NA,NA,0.0241575896424784,"beta_2_2","multiplicative",9.05572799136862,20.4600925590002,10.6825239825994,"sigmoidal"
NA,0.4,3,"sigmoidal",9.33322323021396,10.6857568803927,6.56522643858257,NA,NA,NA,NA,NA,NA,0.0292258905219081,"beta_2_2","multiplicative",9.05572799136862,20.4600925590002,10.6825239825994,"sigmoidal"
NA,0,1,"sigmoidal",11.4712476548208,26.165149301486,6.00000043659307,NA,NA,NA,NA,NA,NA,0.00189910638601658,"beta_2_0.25","multiplicative",11.4621563602937,33.1041121619823,25.8817118201405,"sigmoidal"
NA,0,2,"sigmoidal",11.4712473694685,26.1651474152359,6.00000043659307,NA,NA,NA,NA,NA,NA,0.00189908958595761,"beta_2_0.25","multiplicative",11.4621563602937,33.1041121619823,25.8817118201405,"sigmoidal"
NA,0,3,"sigmoidal",11.4712475820737,26.1651486504405,6.00000043659307,NA,NA,NA,NA,NA,NA,0.00189910218297601,"beta_2_0.25","multiplicative",11.4621563602937,33.1041121619823,25.8817118201405,"sigmoidal"
NA,0.2,1,"sigmoidal",11.6489882896459,26.1167389595536,6.00000043659307,NA,NA,NA,NA,NA,NA,0.0129910835352311,"beta_2_0.25","multiplicative",11.4621563602937,33.1041121619823,25.8817118201405,"sigmoidal"
NA,0.2,2,"sigmoidal",11.111978753237,26.2117642753172,6.00000043659307,NA,NA,NA,NA,NA,NA,0.024098265640424,"beta_2_0.25","multiplicative",11.4621563602937,33.1041121619823,25.8817118201405,"sigmoidal"
NA,0.2,3,"sigmoidal",11.5870249092352,26.3575545325421,6.00000043659307,NA,NA,NA,NA,NA,NA,0.00983106079206968,"beta_2_0.25","multiplicative",11.4621563602937,33.1041121619823,25.8817118201405,"sigmoidal"
NA,0.4,1,"sigmoidal",12.167681684578,26.2103581056552,6.00000043659307,NA,NA,NA,NA,NA,NA,0.0455866662494909,"beta_2_0.25","multiplicative",11.4621563602937,33.1041121619823,25.8817118201405,"sigmoidal"
NA,0.4,2,"sigmoidal",11.3621852868117,26.2891877458937,6.00000043659307,NA,NA,NA,NA,NA,NA,0.00811173104152678,"beta_2_0.25","multiplicative",11.4621563602937,33.1041121619823,25.8817118201405,"sigmoidal"
NA,0.4,3,"sigmoidal",11.4345776171683,26.4695849654256,6.00000043659307,NA,NA,NA,NA,NA,NA,0.00523493286143912,"beta_2_0.25","multiplicative",11.4621563602937,33.1041121619823,25.8817118201405,"sigmoidal"
NA,0,1,"sigmoidal",12.4752862122841,14.4863630812615,4.18478629678302,NA,NA,NA,NA,NA,NA,1.25806805590264e-18,"equidistant","additive",12.4752862122841,4.18478629678302,14.4863630812615,"sigmoidal"
NA,0,2,"sigmoidal",12.4752862122841,14.4863630812615,4.18478629678302,NA,NA,NA,NA,NA,NA,1.25806805590264e-18,"equidistant","additive",12.4752862122841,4.18478629678302,14.4863630812615,"sigmoidal"
NA,0,3,"sigmoidal",12.4752862122841,14.4863630812615,4.18478629678302,NA,NA,NA,NA,NA,NA,2.54160836881501e-18,"equidistant","additive",12.4752862122841,4.18478629678302,14.4863630812615,"sigmoidal"
NA,0.2,1,"sigmoidal",12.4168673272604,14.3959061980327,3.07359501142452,NA,NA,NA,NA,NA,NA,0.00787907167268463,"equidistant","additive",12.4752862122841,4.18478629678302,14.4863630812615,"sigmoidal"
NA,0.2,2,"sigmoidal",12.6287192367331,14.3778982670379,2.53055922904766,NA,NA,NA,NA,NA,NA,0.0142711380714649,"equidistant","additive",12.4752862122841,4.18478629678302,14.4863630812615,"sigmoidal"
NA,0.2,3,"sigmoidal",12.5200808522885,14.52292281347,3.15577484345373,NA,NA,NA,NA,NA,NA,0.00563552547764921,"equidistant","additive",12.4752862122841,4.18478629678302,14.4863630812615,"sigmoidal"
NA,0.4,1,"sigmoidal",12.8445346870906,14.3122071236704,2.40066375052148,NA,NA,NA,NA,NA,NA,0.0250919879178509,"equidistant","additive",12.4752862122841,4.18478629678302,14.4863630812615,"sigmoidal"
NA,0.4,2,"sigmoidal",12.8024900198908,14.0952230715793,1.05180085370147,NA,NA,NA,NA,NA,NA,0.0467301453746811,"equidistant","additive",12.4752862122841,4.18478629678302,14.4863630812615,"sigmoidal"
NA,0.4,3,"sigmoidal",12.3358794736675,14.1528958965454,3.19372714894713,NA,NA,NA,NA,NA,NA,0.0177880631217697,"equidistant","additive",12.4752862122841,4.18478629678302,14.4863630812615,"sigmoidal"
NA,0,1,"sigmoidal",13.5437504602363,20.3145066574216,5.67402122915974,NA,NA,NA,NA,NA,NA,6.29333706352038e-17,"uniform","additive",13.5437504602363,5.67402122915979,20.3145066574216,"sigmoidal"
NA,0,2,"sigmoidal",13.5437504602363,20.3145066574216,5.67402122915974,NA,NA,NA,NA,NA,NA,6.02864378167006e-17,"uniform","additive",13.5437504602363,5.67402122915979,20.3145066574216,"sigmoidal"
NA,0,3,"sigmoidal",13.5437504602363,20.3145066574216,5.67402122915975,NA,NA,NA,NA,NA,NA,4.53320294676566e-17,"uniform","additive",13.5437504602363,5.67402122915979,20.3145066574216,"sigmoidal"
NA,0.2,1,"sigmoidal",13.4501744554787,20.0840433276865,2.75883765745843,NA,NA,NA,NA,NA,NA,0.0101892233151841,"uniform","additive",13.5437504602363,5.67402122915979,20.3145066574216,"sigmoidal"
NA,0.2,2,"sigmoidal",13.5538034005956,20.164038383692,3.64957295771886,NA,NA,NA,NA,NA,NA,0.00476966805538871,"uniform","additive",13.5437504602363,5.67402122915979,20.3145066574216,"sigmoidal"
NA,0.2,3,"sigmoidal",13.5299933854436,20.2807678690586,6.035366465548,NA,NA,NA,NA,NA,NA,0.00236768477505544,"uniform","additive",13.5437504602363,5.67402122915979,20.3145066574216,"sigmoidal"
NA,0.4,1,"sigmoidal",13.6027109946443,19.9105025213028,2.74287981457664,NA,NA,NA,NA,NA,NA,0.0114258986541663,"uniform","additive",13.5437504602363,5.67402122915979,20.3145066574216,"sigmoidal"
NA,0.4,2,"sigmoidal",13.6953783528424,20.2604635636485,6.035366465548,NA,NA,NA,NA,NA,NA,0.00738372344445098,"uniform","additive",13.5437504602363,5.67402122915979,20.3145066574216,"sigmoidal"
NA,0.4,3,"ambiguous",NA,NA,NA,NA,NA,NA,NA,NA,NA,NA,"uniform","additive",13.5437504602363,5.67402122915979,20.3145066574216,"sigmoidal"
NA,0,1,"sigmoidal",18.1580368286312,24.053387035838,6.10480143899487,NA,NA,NA,NA,NA,NA,6.03426616781859e-07,"beta_0.5_1.5","additive",18.1579514358426,32.9982938573854,22.785046633333,"sigmoidal"
NA,0,2,"sigmoidal",18.1580368285595,24.0533869063021,6.10480143899487,NA,NA,NA,NA,NA,NA,6.03426553677457e-07,"beta_0.5_1.5","additive",18.1579514358426,32.9982938573854,22.785046633333,"sigmoidal"
NA,0,3,"sigmoidal",18.158036828645,24.0533870590402,6.10480143899487,NA,NA,NA,NA,NA,NA,6.0342662910214e-07,"beta_0.5_1.5","additive",18.1579514358426,32.9982938573854,22.785046633333,"sigmoidal"
NA,0.2,1,"sigmoidal",17.7358019723723,23.4475869658629,1.1173518282717,NA,NA,NA,NA,NA,NA,0.0155612295762223,"beta_0.5_1.5","additive",18.1579514358426,32.9982938573854,22.785046633333,"sigmoidal"
NA,0.2,2,"sigmoidal",19.2947919800924,23.9496361174196,1.20519642746063,NA,NA,NA,NA,NA,NA,0.00916321926526603,"beta_0.5_1.5","additive",18.1579514358426,32.9982938573854,22.785046633333,"sigmoidal"
NA,0.2,3,"sigmoidal",18.3580282611466,23.3567203575923,1.2780151006104,NA,NA,NA,NA,NA,NA,0.0121213876724649,"beta_0.5_1.5","additive",18.1579514358426,32.9982938573854,22.785046633333,"sigmoidal"
NA,0.4,1,"double_sigmoidal",NA,NA,NA,25.2071495112757,28.282776645561,0.382902250793291,1.92497540443298,1.17939953853527,0,0.0360293473134924,"beta_0.5_1.5","additive",18.1579514358426,32.9982938573854,22.785046633333,"sigmoidal"
NA,0.4,2,"sigmoidal",20.3535882168003,24.024173898674,0.961414908696642,NA,NA,NA,NA,NA,NA,0.0151367285183908,"beta_0.5_1.5","additive",18.1579514358426,32.9982938573854,22.785046633333,"sigmoidal"
NA,0.4,3,"double_sigmoidal",NA,NA,NA,25.5722998707009,28.3847515716855,0.372930954399571,2.1573712791783,1.17939953853527,0.0924696323020709,0.0358230594528914,"beta_0.5_1.5","additive",18.1579514358426,32.9982938573854,22.785046633333,"sigmoidal"
NA,0,1,"sigmoidal",8.63814729282296,16.5383362091812,6.14190044040499,NA,NA,NA,NA,NA,NA,0.0127286599887257,"beta_2_2","additive",8.58862928864546,25.0489946157006,16.4681457448751,"sigmoidal"
NA,0,2,"sigmoidal",8.63814735907971,16.5383363149647,6.14190044040499,NA,NA,NA,NA,NA,NA,0.012728663580447,"beta_2_2","additive",8.58862928864546,25.0489946157006,16.4681457448751,"sigmoidal"
NA,0,3,"sigmoidal",8.63814885694186,16.5383387116024,6.14190044040499,NA,NA,NA,NA,NA,NA,0.012728744822995,"beta_2_2","additive",8.58862928864546,25.0489946157006,16.4681457448751,"sigmoidal"
NA,0.2,1,"sigmoidal",8.68507510267217,16.4803853203364,6.14190044040499,NA,NA,NA,NA,NA,NA,0.0147845317676349,"beta_2_2","additive",8.58862928864546,25.0489946157006,16.4681457448751,"sigmoidal"
NA,0.2,2,"sigmoidal",8.55017908741104,16.515317305104,6.14190044040499,NA,NA,NA,NA,NA,NA,0.012655927380053,"beta_2_2","additive",8.58862928864546,25.0489946157006,16.4681457448751,"sigmoidal"
NA,0.2,3,"sigmoidal",8.57691884637649,16.497630335839,6.14190044040499,NA,NA,NA,NA,NA,NA,0.0112023776359424,"beta_2_2","additive",8.58862928864546,25.0489946157006,16.4681457448751,"sigmoidal"
NA,0.4,1,"sigmoidal",8.37635800607487,16.4237845424697,5.30123212341663,NA,NA,NA,NA,NA,NA,0.0269837153727568,"beta_2_2","additive",8.58862928864546,25.0489946157006,16.4681457448751,"sigmoidal"
NA,0.4,2,"sigmoidal",8.58355908955037,16.4269012803522,4.45229391373753,NA,NA,NA,NA,NA,NA,0.0196833738474609,"beta_2_2","additive",8.58862928864546,25.0489946157006,16.4681457448751,"sigmoidal"
NA,0.4,3,"sigmoidal",8.53126640094005,16.4827948322274,6.14190044040499,NA,NA,NA,NA,NA,NA,0.013607459622162,"beta_2_2","additive",8.58862928864546,25.0489946157006,16.4681457448751,"sigmoidal"
NA,0,1,"sigmoidal",5.72195646129583,15.9955221411482,6.0000000025193,NA,NA,NA,NA,NA,NA,1.13733850579855e-10,"beta_2_0.25","additive",5.72195646106265,16.6911523116366,17.6703662239015,"sigmoidal"
NA,0,2,"sigmoidal",5.72195646129582,15.9955172237012,6.0000000025193,NA,NA,NA,NA,NA,NA,1.13732851318323e-10,"beta_2_0.25","additive",5.72195646106265,16.6911523116366,17.6703662239015,"sigmoidal"
NA,0,3,"sigmoidal",5.72195646129578,15.9955022445799,6.0000000025193,NA,NA,NA,NA,NA,NA,1.1372576262203e-10,"beta_2_0.25","additive",5.72195646106265,16.6911523116366,17.6703662239015,"sigmoidal"
NA,0.2,1,"sigmoidal",5.73568231038976,15.5753156481822,0.580113447471289,NA,NA,NA,NA,NA,NA,0.00844793109931374,"beta_2_0.25","additive",5.72195646106265,16.6911523116366,17.6703662239015,"sigmoidal"
NA,0.2,2,"sigmoidal",5.74601069839289,13.2613185115382,6.0000000025193,NA,NA,NA,NA,NA,NA,0.0044712965001196,"beta_2_0.25","additive",5.72195646106265,16.6911523116366,17.6703662239015,"sigmoidal"
NA,0.2,3,"sigmoidal",5.76031537865748,15.1269264894339,0.688226691197547,NA,NA,NA,NA,NA,NA,0.0104502037739735,"beta_2_0.25","additive",5.72195646106265,16.6911523116366,17.6703662239015,"sigmoidal"
NA,0.4,1,"sigmoidal",5.81023034196939,12.8399002271833,6.0000000025193,NA,NA,NA,NA,NA,NA,0.0193782927856848,"beta_2_0.25","additive",5.72195646106265,16.6911523116366,17.6703662239015,"sigmoidal"
NA,0.4,2,"sigmoidal",5.81974039816281,15.6333794349991,0.726091470096388,NA,NA,NA,NA,NA,NA,0.0187410413517463,"beta_2_0.25","additive",5.72195646106265,16.6911523116366,17.6703662239015,"sigmoidal"
NA,0.4,3,"sigmoidal",5.88558266193387,13.3072879588834,6.0000000025193,NA,NA,NA,NA,NA,NA,0.027425120560241,"beta_2_0.25","additive",5.72195646106265,16.6911523116366,17.6703662239015,"sigmoidal"
NA,0,1,"sigmoidal",4.01670512436291,11.7524474737843,6,NA,NA,NA,NA,NA,NA,0.00904391891641851,"equidistant","multiplicative",4.00293520067353,29.6239350990716,11.8152117803693,"sigmoidal"
NA,0,2,"sigmoidal",4.01670524303922,11.7524485955437,6,NA,NA,NA,NA,NA,NA,0.00904393715056109,"equidistant","multiplicative",4.00293520067353,29.6239350990716,11.8152117803693,"sigmoidal"
NA,0,3,"sigmoidal",4.01670505484562,11.752446816895,6,NA,NA,NA,NA,NA,NA,0.00904390823548775,"equidistant","multiplicative",4.00293520067353,29.6239350990716,11.8152117803693,"sigmoidal"
NA,0.2,1,"sigmoidal",4.11089404892224,11.7736173459606,6,NA,NA,NA,NA,NA,NA,0.0238724108621064,"equidistant","multiplicative",4.00293520067353,29.6239350990716,11.8152117803693,"sigmoidal"
NA,0.2,2,"sigmoidal",4.03410063183615,11.7676180761172,6,NA,NA,NA,NA,NA,NA,0.011701095675779,"equidistant","multiplicative",4.00293520067353,29.6239350990716,11.8152117803693,"sigmoidal"
NA,0.2,3,"sigmoidal",4.09002193004923,11.758594370361,6,NA,NA,NA,NA,NA,NA,0.0205277274078078,"equidistant","multiplicative",4.00293520067353,29.6239350990716,11.8152117803693,"sigmoidal"
NA,0.4,1,"sigmoidal",4.13666977147777,11.8017113810498,6,NA,NA,NA,NA,NA,NA,0.028072872363022,"equidistant","multiplicative",4.00293520067353,29.6239350990716,11.8152117803693,"sigmoidal"
NA,0.4,2,"sigmoidal",4.15555227875425,11.7702694721546,6,NA,NA,NA,NA,NA,NA,0.0310449678973453,"equidistant","multiplicative",4.00293520067353,29.6239350990716,11.8152117803693,"sigmoidal"
NA,0.4,3,"sigmoidal",4.16970419378533,11.826821737376,6,NA,NA,NA,NA,NA,NA,0.0335137564190154,"equidistant","multiplicative",4.00293520067353,29.6239350990716,11.8152117803693,"sigmoidal"
NA,0,1,"sigmoidal",5.21445673345242,24.5834502517474,6.05159286414706,NA,NA,NA,NA,NA,NA,0.00604939680765925,"uniform","multiplicative",5.20239521309268,15.0474892469179,24.5802202373743,"sigmoidal"
NA,0,2,"sigmoidal",5.21445675062233,24.5834502913861,6.05159286414706,NA,NA,NA,NA,NA,NA,0.00604939774261561,"uniform","multiplicative",5.20239521309268,15.0474892469179,24.5802202373743,"sigmoidal"
NA,0,3,"sigmoidal",5.21445675575241,24.5834503031124,6.05159286414706,NA,NA,NA,NA,NA,NA,0.0060493980212702,"uniform","multiplicative",5.20239521309268,15.0474892469179,24.5802202373743,"sigmoidal"
NA,0.2,1,"sigmoidal",5.24342881443337,24.5842050566631,6.05159286414706,NA,NA,NA,NA,NA,NA,0.00723462581046874,"uniform","multiplicative",5.20239521309268,15.0474892469179,24.5802202373743,"sigmoidal"
NA,0.2,2,"sigmoidal",5.01851258236197,24.5568783940541,6.05159286414706,NA,NA,NA,NA,NA,NA,0.0133810364500179,"uniform","multiplicative",5.20239521309268,15.0474892469179,24.5802202373743,"sigmoidal"
NA,0.2,3,"double_sigmoidal",NA,NA,NA,7.52721875536798,24.6707420704673,6.05159286414706,6.05159286414706,1.18976939817891,0.700300562353465,0.00920716148850791,"uniform","multiplicative",5.20239521309268,15.0474892469179,24.5802202373743,"sigmoidal"
NA,0.4,1,"sigmoidal",5.19702320793208,24.5114820145939,6.05159286414706,NA,NA,NA,NA,NA,NA,0.00569016333834842,"uniform","multiplicative",5.20239521309268,15.0474892469179,24.5802202373743,"sigmoidal"
NA,0.4,2,"sigmoidal",4.72784185273512,24.5565037378223,6.05159286414706,NA,NA,NA,NA,NA,NA,0.0259213435422479,"uniform","multiplicative",5.20239521309268,15.0474892469179,24.5802202373743,"sigmoidal"
NA,0.4,3,"sigmoidal",5.4319535021237,24.6268258260004,6.05159286414706,NA,NA,NA,NA,NA,NA,0.0152795378048022,"uniform","multiplicative",5.20239521309268,15.0474892469179,24.5802202373743,"sigmoidal"
NA,0,1,"sigmoidal",19.85799705791,6.44985537203779,6.44332206658412,NA,NA,NA,NA,NA,NA,0.0163908772384074,"beta_0.5_1.5","multiplicative",19.6905450624879,16.3588068162212,6.38804028555751,"sigmoidal"
NA,0,2,"sigmoidal",19.8579968960657,6.44985525409793,6.44332206658412,NA,NA,NA,NA,NA,NA,0.0163908754297619,"beta_0.5_1.5","multiplicative",19.6905450624879,16.3588068162212,6.38804028555751,"sigmoidal"
NA,0,3,"sigmoidal",19.8579972606888,6.44985551989842,6.44332206658412,NA,NA,NA,NA,NA,NA,0.0163908795033929,"beta_0.5_1.5","multiplicative",19.6905450624879,16.3588068162212,6.38804028555751,"sigmoidal"
NA,0.2,1,"sigmoidal",19.831279090102,6.43349985177074,6.44332206658412,NA,NA,NA,NA,NA,NA,0.0161080821716153,"beta_0.5_1.5","multiplicative",19.6905450624879,16.3588068162212,6.38804028555751,"sigmoidal"
NA,0.2,2,"sigmoidal",19.9559982297089,6.43517587116463,6.44332206658412,NA,NA,NA,NA,NA,NA,0.0187666855050517,"beta_0.5_1.5","multiplicative",19.6905450624879,16.3588068162212,6.38804028555751,"sigmoidal"
NA,0.2,3,"sigmoidal",19.7413782488695,6.42288138897984,6.44332206658412,NA,NA,NA,NA,NA,NA,0.0145173715151018,"beta_0.5_1.5","multiplicative",19.6905450624879,16.3588068162212,6.38804028555751,"sigmoidal"
NA,0.4,1,"sigmoidal",19.7386117135642,6.48353890628384,6.44332206658412,NA,NA,NA,NA,NA,NA,0.0137977206870501,"beta_0.5_1.5","multiplicative",19.6905450624879,16.3588068162212,6.38804028555751,"sigmoidal"
NA,0.4,2,"sigmoidal",18.7922570318079,6.39860335351915,6.44332206658412,NA,NA,NA,NA,NA,NA,0.0391381382656575,"beta_0.5_1.5","multiplicative",19.6905450624879,16.3588068162212,6.38804028555751,"sigmoidal"
NA,0.4,3,"sigmoidal",19.6367618558541,6.4293025265266,6.44332206658412,NA,NA,NA,NA,NA,NA,0.0148525328608014,"beta_0.5_1.5","multiplicative",19.6905450624879,16.3588068162212,6.38804028555751,"sigmoidal"
NA,0,1,"sigmoidal",8.37155710957512,18.8375344322705,6.65069374116375,NA,NA,NA,NA,NA,NA,0.0107937098333947,"beta_2_2","multiplicative",8.31384267052636,37.9791356981911,18.7119525633752,"sigmoidal"
NA,0,2,"sigmoidal",8.37155704679784,18.8375343281342,6.65069374116375,NA,NA,NA,NA,NA,NA,0.010793705499036,"beta_2_2","multiplicative",8.31384267052636,37.9791356981911,18.7119525633752,"sigmoidal"
NA,0,3,"sigmoidal",8.37155711094745,18.8375344341711,6.65069374116375,NA,NA,NA,NA,NA,NA,0.0107937099214951,"beta_2_2","multiplicative",8.31384267052636,37.9791356981911,18.7119525633752,"sigmoidal"
NA,0.2,1,"sigmoidal",8.3858405600292,18.8750496943234,6.65069374116375,NA,NA,NA,NA,NA,NA,0.0121362839835086,"beta_2_2","multiplicative",8.31384267052636,37.9791356981911,18.7119525633752,"sigmoidal"
NA,0.2,2,"sigmoidal",8.44335539400167,18.8499397017655,6.65069374116375,NA,NA,NA,NA,NA,NA,0.0138772338921603,"beta_2_2","multiplicative",8.31384267052636,37.9791356981911,18.7119525633752,"sigmoidal"
NA,0.2,3,"sigmoidal",8.53911940220075,18.8766031097074,6.65069374116375,NA,NA,NA,NA,NA,NA,0.0182724246876189,"beta_2_2","multiplicative",8.31384267052636,37.9791356981911,18.7119525633752,"sigmoidal"
NA,0.4,1,"sigmoidal",8.41879700469321,18.838149937107,6.65069374116375,NA,NA,NA,NA,NA,NA,0.0126798665099962,"beta_2_2","multiplicative",8.31384267052636,37.9791356981911,18.7119525633752,"sigmoidal"
NA,0.4,2,"sigmoidal",9.01152090317195,18.8388995371888,6.65069374116375,NA,NA,NA,NA,NA,NA,0.0385040190422398,"beta_2_2","multiplicative",8.31384267052636,37.9791356981911,18.7119525633752,"sigmoidal"
NA,0.4,3,"sigmoidal",8.53724952596082,18.8769736968594,6.65069374116375,NA,NA,NA,NA,NA,NA,0.0182070451901825,"beta_2_2","multiplicative",8.31384267052636,37.9791356981911,18.7119525633752,"sigmoidal"
NA,0,1,"sigmoidal",10.0229449380982,19.0905901991896,6.00000000075862,NA,NA,NA,NA,NA,NA,0.00172727046280204,"beta_2_0.25","multiplicative",10.0207081219181,10.9011984845006,18.9810824710876,"sigmoidal"
NA,0,2,"sigmoidal",10.022944938053,19.0905901989387,6.00000000075862,NA,NA,NA,NA,NA,NA,0.00172727045838175,"beta_2_0.25","multiplicative",10.0207081219181,10.9011984845006,18.9810824710876,"sigmoidal"
NA,0,3,"sigmoidal",10.0229449379812,19.090590198016,6.00000000075862,NA,NA,NA,NA,NA,NA,0.00172727044966883,"beta_2_0.25","multiplicative",10.0207081219181,10.9011984845006,18.9810824710876,"sigmoidal"
NA,0.2,1,"sigmoidal",10.0942099054682,19.0889007473874,6.00000000075862,NA,NA,NA,NA,NA,NA,0.00766426662870708,"beta_2_0.25","multiplicative",10.0207081219181,10.9011984845006,18.9810824710876,"sigmoidal"
NA,0.2,2,"sigmoidal",10.0895962217136,19.0755592411732,6.00000000075862,NA,NA,NA,NA,NA,NA,0.00723876380181539,"beta_2_0.25","multiplicative",10.0207081219181,10.9011984845006,18.9810824710876,"sigmoidal"
NA,0.2,3,"sigmoidal",10.0514904455617,19.0898683076751,6.00000000075862,NA,NA,NA,NA,NA,NA,0.00410454187126139,"beta_2_0.25","multiplicative",10.0207081219181,10.9011984845006,18.9810824710876,"sigmoidal"
NA,0.4,1,"sigmoidal",10.6032283530661,19.5008172923395,2.53629632643458,NA,NA,NA,NA,NA,NA,0.0561208114402079,"beta_2_0.25","multiplicative",10.0207081219181,10.9011984845006,18.9810824710876,"sigmoidal"
NA,0.4,2,"sigmoidal",9.70348406172086,19.1192214168027,6.00000000075862,NA,NA,NA,NA,NA,NA,0.0293004156577564,"beta_2_0.25","multiplicative",10.0207081219181,10.9011984845006,18.9810824710876,"sigmoidal"
NA,0.4,3,"sigmoidal",10.3650100021936,19.2872432961418,3.93228475047803,NA,NA,NA,NA,NA,NA,0.0324835789201825,"beta_2_0.25","multiplicative",10.0207081219181,10.9011984845006,18.9810824710876,"sigmoidal"
